image,gt,pred,tp,fp,fn,precision,recall,f1
collect_image80,10,2,1,1,9,0.5,0.1,0.1667
collect_image314,24,17,16,1,8,0.9412,0.6667,0.7805
collect_image207,36,33,29,4,7,0.8788,0.8056,0.8406
collect_image93,9,6,4,2,5,0.6667,0.4444,0.5333
collect_image778,24,23,19,4,5,0.8261,0.7917,0.8085
collect_image14,50,49,45,4,5,0.9184,0.9,0.9091
collect_image162,55,55,50,5,5,0.9091,0.9091,0.9091
image35,10,7,6,1,4,0.8571,0.6,0.7059
collect_image59,37,36,33,3,4,0.9167,0.8919,0.9041
collect_image161,63,63,59,4,4,0.9365,0.9365,0.9365
collect_image102,3,0,0,0,3,0.0,0.0,0.0
image766,5,2,2,0,3,1.0,0.4,0.5714
collect_image414,11,8,8,0,3,1.0,0.7273,0.8421
collect_image319,12,10,9,1,3,0.9,0.75,0.8182
collect_image4,14,26,11,15,3,0.4231,0.7857,0.55
collect_image936,14,13,11,2,3,0.8462,0.7857,0.8148
collect_image713,21,23,18,5,3,0.7826,0.8571,0.8182
collect_image1036,9,10,7,3,2,0.7,0.7778,0.7368
image583,9,9,7,2,2,0.7778,0.7778,0.7778
collect_image3,10,9,8,1,2,0.8889,0.8,0.8421
collect_image220,12,10,10,0,2,1.0,0.8333,0.9091
collect_image862,13,13,11,2,2,0.8462,0.8462,0.8462
collect_image336,13,12,11,1,2,0.9167,0.8462,0.88
collect_image448,14,12,12,0,2,1.0,0.8571,0.9231
collect_image871,15,15,13,2,2,0.8667,0.8667,0.8667
collect_image13,16,17,14,3,2,0.8235,0.875,0.8485
collect_image171,17,15,15,0,2,1.0,0.8824,0.9375
collect_image425,17,15,15,0,2,1.0,0.8824,0.9375
collect_image229,18,20,16,4,2,0.8,0.8889,0.8421
collect_image246,19,17,17,0,2,1.0,0.8947,0.9444
collect_image748,21,19,19,0,2,1.0,0.9048,0.95
collect_image519,22,21,20,1,2,0.9524,0.9091,0.9302
collect_image8,23,30,21,9,2,0.7,0.913,0.7925
collect_image84,23,22,21,1,2,0.9545,0.913,0.9333
collect_image767,23,21,21,0,2,1.0,0.913,0.9545
image873,25,34,23,11,2,0.6765,0.92,0.7797
image123,2,3,1,2,1,0.3333,0.5,0.4
image33,2,3,1,2,1,0.3333,0.5,0.4
image871,3,4,2,2,1,0.5,0.6667,0.5714
image247,3,2,2,0,1,1.0,0.6667,0.8
image36,4,4,3,1,1,0.75,0.75,0.75
image819,5,7,4,3,1,0.5714,0.8,0.6667
collect_image367,5,6,4,2,1,0.6667,0.8,0.7273
image319,5,4,4,0,1,1.0,0.8,0.8889
image901,6,12,5,7,1,0.4167,0.8333,0.5556
collect_image798,6,7,5,2,1,0.7143,0.8333,0.7692
image739,6,6,5,1,1,0.8333,0.8333,0.8333
collect_image806,7,11,6,5,1,0.5455,0.8571,0.6667
collect_image642,7,7,6,1,1,0.8571,0.8571,0.8571
collect_image341,7,6,6,0,1,1.0,0.8571,0.9231
collect_image119,8,10,7,3,1,0.7,0.875,0.7778
collect_image731,8,9,7,2,1,0.7778,0.875,0.8235
collect_image340,8,7,7,0,1,1.0,0.875,0.9333
image275,8,7,7,0,1,1.0,0.875,0.9333
collect_image974,9,9,8,1,1,0.8889,0.8889,0.8889
collect_image1027,9,8,8,0,1,1.0,0.8889,0.9412
collect_image216,9,8,8,0,1,1.0,0.8889,0.9412
image591,9,8,8,0,1,1.0,0.8889,0.9412
collect_image371,10,9,9,0,1,1.0,0.9,0.9474
image861,10,9,9,0,1,1.0,0.9,0.9474
collect_image727,11,12,10,2,1,0.8333,0.9091,0.8696
collect_image569,11,11,10,1,1,0.9091,0.9091,0.9091
collect_image768,11,10,10,0,1,1.0,0.9091,0.9524
image179,12,13,11,2,1,0.8462,0.9167,0.88
collect_image861,12,12,11,1,1,0.9167,0.9167,0.9167
image576,12,12,11,1,1,0.9167,0.9167,0.9167
collect_image37,13,13,12,1,1,0.9231,0.9231,0.9231
collect_image699,13,12,12,0,1,1.0,0.9231,0.96
image888,13,12,12,0,1,1.0,0.9231,0.96
collect_image978,14,16,13,3,1,0.8125,0.9286,0.8667
collect_image534,15,16,14,2,1,0.875,0.9333,0.9032
collect_image669,16,16,15,1,1,0.9375,0.9375,0.9375
image898,16,15,15,0,1,1.0,0.9375,0.9677
collect_image522,23,29,22,7,1,0.7586,0.9565,0.8462
collect_image193,26,25,25,0,1,1.0,0.9615,0.9804
image734,0,3,0,3,0,0.0,0.0,0.0
collect_image490,0,0,0,0,0,0.0,0.0,0.0
collect_image495,0,0,0,0,0,0.0,0.0,0.0
collect_image516,0,0,0,0,0,0.0,0.0,0.0
collect_image761,0,0,0,0,0,0.0,0.0,0.0
collect_image769,0,0,0,0,0,0.0,0.0,0.0
image588,0,0,0,0,0,0.0,0.0,0.0
image656,0,0,0,0,0,0.0,0.0,0.0
image663,0,0,0,0,0,0.0,0.0,0.0
image671,0,0,0,0,0,0.0,0.0,0.0
image680,0,0,0,0,0,0.0,0.0,0.0
collect_image618,15,25,15,10,0,0.6,1.0,0.75
collect_image963,10,14,10,4,0,0.7143,1.0,0.8333
collect_image300,8,11,8,3,0,0.7273,1.0,0.8421
collect_image980,11,14,11,3,0,0.7857,1.0,0.88
image587,2,5,2,3,0,0.4,1.0,0.5714
collect_image112,4,6,4,2,0,0.6667,1.0,0.8
collect_image585,15,17,15,2,0,0.8824,1.0,0.9375
collect_image787,8,10,8,2,0,0.8,1.0,0.8889
image68,2,4,2,2,0,0.5,1.0,0.6667
collect_image1014,14,15,14,1,0,0.9333,1.0,0.9655
collect_image255,10,11,10,1,0,0.9091,1.0,0.9524
collect_image397,7,8,7,1,0,0.875,1.0,0.9333
collect_image400,12,13,12,1,0,0.9231,1.0,0.96
collect_image412,8,9,8,1,0,0.8889,1.0,0.9412
collect_image432,9,10,9,1,0,0.9,1.0,0.9474
collect_image436,14,15,14,1,0,0.9333,1.0,0.9655
collect_image557,12,13,12,1,0,0.9231,1.0,0.96
collect_image679,3,4,3,1,0,0.75,1.0,0.8571
collect_image689,12,13,12,1,0,0.9231,1.0,0.96
collect_image866,14,15,14,1,0,0.9333,1.0,0.9655
collect_image877,4,5,4,1,0,0.8,1.0,0.8889
collect_image897,5,6,5,1,0,0.8333,1.0,0.9091
image150,8,9,8,1,0,0.8889,1.0,0.9412
image287,10,11,10,1,0,0.9091,1.0,0.9524
image337,5,6,5,1,0,0.8333,1.0,0.9091
image455,2,3,2,1,0,0.6667,1.0,0.8
image606,2,3,2,1,0,0.6667,1.0,0.8
image621,12,13,12,1,0,0.9231,1.0,0.96
image624,11,12,11,1,0,0.9167,1.0,0.9565
image633,6,7,6,1,0,0.8571,1.0,0.9231
image791,8,9,8,1,0,0.8889,1.0,0.9412
image801,4,5,4,1,0,0.8,1.0,0.8889
image845,9,10,9,1,0,0.9,1.0,0.9474
collect_image1002,7,7,7,0,0,1.0,1.0,1.0
collect_image1022,9,9,9,0,0,1.0,1.0,1.0
collect_image113,2,2,2,0,0,1.0,1.0,1.0
collect_image114,4,4,4,0,0,1.0,1.0,1.0
collect_image134,19,19,19,0,0,1.0,1.0,1.0
collect_image140,4,4,4,0,0,1.0,1.0,1.0
collect_image176,31,31,31,0,0,1.0,1.0,1.0
collect_image190,25,25,25,0,0,1.0,1.0,1.0
collect_image217,16,16,16,0,0,1.0,1.0,1.0
collect_image28,23,23,23,0,0,1.0,1.0,1.0
collect_image280,14,14,14,0,0,1.0,1.0,1.0
collect_image311,8,8,8,0,0,1.0,1.0,1.0
collect_image362,7,7,7,0,0,1.0,1.0,1.0
collect_image374,7,7,7,0,0,1.0,1.0,1.0
collect_image411,8,8,8,0,0,1.0,1.0,1.0
collect_image426,12,12,12,0,0,1.0,1.0,1.0
collect_image571,7,7,7,0,0,1.0,1.0,1.0
collect_image588,4,4,4,0,0,1.0,1.0,1.0
collect_image67,42,42,42,0,0,1.0,1.0,1.0
collect_image690,10,10,10,0,0,1.0,1.0,1.0
collect_image717,5,5,5,0,0,1.0,1.0,1.0
collect_image743,21,21,21,0,0,1.0,1.0,1.0
collect_image820,4,4,4,0,0,1.0,1.0,1.0
collect_image838,4,4,4,0,0,1.0,1.0,1.0
collect_image920,5,5,5,0,0,1.0,1.0,1.0
collect_image939,11,11,11,0,0,1.0,1.0,1.0
collect_image960,12,12,12,0,0,1.0,1.0,1.0
image104,2,2,2,0,0,1.0,1.0,1.0
image124,8,8,8,0,0,1.0,1.0,1.0
image139,2,2,2,0,0,1.0,1.0,1.0
image151,2,2,2,0,0,1.0,1.0,1.0
image155,6,6,6,0,0,1.0,1.0,1.0
image192,4,4,4,0,0,1.0,1.0,1.0
image194,4,4,4,0,0,1.0,1.0,1.0
image207,4,4,4,0,0,1.0,1.0,1.0
image218,8,8,8,0,0,1.0,1.0,1.0
image222,9,9,9,0,0,1.0,1.0,1.0
image225,6,6,6,0,0,1.0,1.0,1.0
image236,6,6,6,0,0,1.0,1.0,1.0
image253,10,10,10,0,0,1.0,1.0,1.0
image265,8,8,8,0,0,1.0,1.0,1.0
image289,6,6,6,0,0,1.0,1.0,1.0
image296,7,7,7,0,0,1.0,1.0,1.0
image339,9,9,9,0,0,1.0,1.0,1.0
image351,10,10,10,0,0,1.0,1.0,1.0
image362,17,17,17,0,0,1.0,1.0,1.0
image380,9,9,9,0,0,1.0,1.0,1.0
image386,14,14,14,0,0,1.0,1.0,1.0
image396,8,8,8,0,0,1.0,1.0,1.0
image414,12,12,12,0,0,1.0,1.0,1.0
image439,11,11,11,0,0,1.0,1.0,1.0
image442,9,9,9,0,0,1.0,1.0,1.0
image488,12,12,12,0,0,1.0,1.0,1.0
image489,9,9,9,0,0,1.0,1.0,1.0
image515,4,4,4,0,0,1.0,1.0,1.0
image528,7,7,7,0,0,1.0,1.0,1.0
image567,7,7,7,0,0,1.0,1.0,1.0
image572,10,10,10,0,0,1.0,1.0,1.0
image580,12,12,12,0,0,1.0,1.0,1.0
image582,7,7,7,0,0,1.0,1.0,1.0
image605,9,9,9,0,0,1.0,1.0,1.0
image732,4,4,4,0,0,1.0,1.0,1.0
image765,4,4,4,0,0,1.0,1.0,1.0
image779,8,8,8,0,0,1.0,1.0,1.0
image78,4,4,4,0,0,1.0,1.0,1.0
image780,10,10,10,0,0,1.0,1.0,1.0
image795,8,8,8,0,0,1.0,1.0,1.0
image797,4,4,4,0,0,1.0,1.0,1.0
image806,12,12,12,0,0,1.0,1.0,1.0
image818,7,7,7,0,0,1.0,1.0,1.0
image827,8,8,8,0,0,1.0,1.0,1.0
image835,6,6,6,0,0,1.0,1.0,1.0
image839,7,7,7,0,0,1.0,1.0,1.0
image840,10,10,10,0,0,1.0,1.0,1.0
image856,9,9,9,0,0,1.0,1.0,1.0
image864,5,5,5,0,0,1.0,1.0,1.0
image89,6,6,6,0,0,1.0,1.0,1.0
